"序号	股票代码	股票简称	单季度：净利润环比增长率	流通市值	流通市值2	"
"=""1""	=""000012""	=""南玻A""	=""60.17""	=""135.80""	=""135.80""	"
"=""2""	=""000028""	=""国药一致""	=""69.62""	=""109.84""	=""109.84""	"
"=""3""	=""000035""	=""中国天楹""	=""95.43""	=""115.06""	=""115.06""	"
"=""4""	=""000050""	=""深天马A""	=""268.49""	=""202.18""	=""202.18""	"
"=""5""	=""000060""	=""中金岭南""	=""55.84""	=""153.98""	=""153.98""	"
"=""6""	=""000088""	=""盐田港""	=""64.67""	=""114.71""	=""114.71""	"
"=""7""	=""000156""	=""华数传媒""	=""70.06""	=""104.55""	=""104.55""	"
"=""8""	=""000166""	=""申万宏源""	=""122.33""	=""869.87""	=""869.87""	"
"=""9""	=""000400""	=""许继电气""	=""226.95""	=""167.88""	=""167.88""	"
"=""10""	=""000401""	=""冀东水泥""	=""680.47""	=""129.35""	=""129.35""	"
"=""11""	=""000408""	=""藏格矿业""	=""94.33""	=""450.42""	=""450.42""	"
"=""12""	=""000422""	=""湖北宜化""	=""68.07""	=""142.30""	=""142.30""	"
"=""13""	=""000423""	=""东阿阿胶""	=""68.53""	=""211.84""	=""211.84""	"
"=""14""	=""000498""	=""山东路桥""	=""234.87""	=""121.84""	=""121.84""	"
"=""15""	=""000516""	=""国际医学""	=""59.14""	=""179.09""	=""179.09""	"
"=""16""	=""000519""	=""中兵红箭""	=""49.24""	=""311.00""	=""311.00""	"
"=""17""	=""000537""	=""广宇发展""	=""72.73""	=""231.33""	=""231.33""	"
"=""18""	=""000546""	=""金圆股份""	=""243.48""	=""106.22""	=""106.22""	"
"=""19""	=""000563""	=""陕国投A""	=""64.57""	=""114.56""	=""114.56""	"
"=""20""	=""000564""	=""ST大集""	=""1597.18""	=""151.81""	=""151.81""	"
"=""21""	=""000567""	=""海德股份""	=""53.83""	=""126.07""	=""126.07""	"
"=""22""	=""000591""	=""太阳能""	=""98.57""	=""205.38""	=""205.38""	"
"=""23""	=""000623""	=""吉林敖东""	=""691.49""	=""155.11""	=""155.11""	"
"=""24""	=""000686""	=""东北证券""	=""316.71""	=""150.96""	=""150.96""	"
"=""25""	=""000688""	=""国城矿业""	=""130.88""	=""186.86""	=""186.86""	"
"=""26""	=""000690""	=""宝新能源""	=""41.90""	=""102.64""	=""102.64""	"
"=""27""	=""000703""	=""恒逸石化""	=""44.33""	=""281.19""	=""281.19""	"
"=""28""	=""000709""	=""河钢股份""	=""96.10""	=""238.88""	=""238.88""	"
"=""29""	=""000712""	=""锦龙股份""	=""99.97""	=""121.04""	=""121.04""	"
"=""30""	=""000728""	=""国元证券""	=""824.83""	=""274.64""	=""274.64""	"
"=""31""	=""000729""	=""燕京啤酒""	=""1110.70""	=""234.14""	=""234.14""	"
"=""32""	=""000739""	=""普洛药业""	=""87.32""	=""193.44""	=""193.44""	"
"=""33""	=""000750""	=""国海证券""	=""199.98""	=""175.86""	=""175.86""	"
"=""34""	=""000762""	=""西藏矿业""	=""161.56""	=""217.33""	=""217.33""	"
"=""35""	=""000768""	=""中航西飞""	=""112.34""	=""721.78""	=""721.78""	"
"=""36""	=""000776""	=""广发证券""	=""96.83""	=""844.68""	=""844.68""	"
"=""37""	=""000783""	=""长江证券""	=""1407.14""	=""288.11""	=""288.11""	"
"=""38""	=""000786""	=""北新建材""	=""93.83""	=""392.60""	=""392.60""	"
"=""39""	=""000876""	=""新希望""	=""50.86""	=""625.65""	=""625.65""	"
"=""40""	=""000877""	=""天山股份""	=""142.94""	=""106.21""	=""106.21""	"
"=""41""	=""000893""	=""亚钾国际""	=""188.49""	=""221.13""	=""221.13""	"
"=""42""	=""000913""	=""钱江摩托""	=""397.86""	=""102.05""	=""102.05""	"
"=""43""	=""000937""	=""冀中能源""	=""47.64""	=""210.73""	=""210.73""	"
"=""44""	=""000938""	=""紫光股份""	=""58.98""	=""453.61""	=""453.61""	"
"=""45""	=""000951""	=""中国重汽""	=""79.21""	=""119.36""	=""119.36""	"
"=""46""	=""000970""	=""中科三环""	=""44.79""	=""168.26""	=""168.26""	"
"=""47""	=""000977""	=""浪潮信息""	=""89.05""	=""288.72""	=""288.72""	"
"=""48""	=""000988""	=""华工科技""	=""54.34""	=""185.72""	=""185.72""	"
"=""49""	=""000997""	=""新大陆""	=""77.03""	=""124.29""	=""124.29""	"
"=""50""	=""002002""	=""鸿达兴业""	=""69.61""	=""105.28""	=""105.28""	"
"=""51""	=""002006""	=""精功科技""	=""205.99""	=""113.79""	=""113.79""	"
"=""52""	=""002007""	=""华兰生物""	=""91.15""	=""285.45""	=""285.45""	"
"=""53""	=""002010""	=""传化智联""	=""95.21""	=""142.18""	=""142.18""	"
"=""54""	=""002011""	=""盾安环境""	=""514.05""	=""132.67""	=""132.67""	"
"=""55""	=""002013""	=""中航机电""	=""50.73""	=""440.53""	=""440.53""	"
"=""56""	=""002028""	=""思源电气""	=""106.17""	=""226.87""	=""226.87""	"
"=""57""	=""002044""	=""美年健康""	=""49.90""	=""165.30""	=""165.30""	"
"=""58""	=""002065""	=""东华软件""	=""153.94""	=""154.79""	=""154.79""	"
"=""59""	=""002068""	=""黑猫股份""	=""893.10""	=""100.62""	=""100.62""	"
"=""60""	=""002078""	=""太阳纸业""	=""45.67""	=""302.24""	=""302.24""	"
"=""61""	=""002080""	=""中材科技""	=""53.67""	=""334.28""	=""334.28""	"
"=""62""	=""002088""	=""鲁阳节能""	=""61.69""	=""105.47""	=""105.47""	"
"=""63""	=""002092""	=""中泰化学""	=""94.75""	=""166.07""	=""166.07""	"
"=""64""	=""002100""	=""天康生物""	=""50.70""	=""124.73""	=""124.73""	"
"=""65""	=""002101""	=""广东鸿图""	=""102.55""	=""108.67""	=""108.67""	"
"=""66""	=""002124""	=""天邦食品""	=""287.13""	=""104.39""	=""104.39""	"
"=""67""	=""002131""	=""利欧股份""	=""313.21""	=""102.10""	=""102.10""	"
"=""68""	=""002139""	=""拓邦股份""	=""63.24""	=""107.50""	=""107.50""	"
"=""69""	=""002155""	=""湖南黄金""	=""82.88""	=""144.35""	=""144.35""	"
"=""70""	=""002158""	=""汉钟精机""	=""69.73""	=""121.92""	=""121.92""	"
"=""71""	=""002171""	=""楚江新材""	=""53.75""	=""106.60""	=""106.60""	"
"=""72""	=""002180""	=""纳思达""	=""52.86""	=""507.20""	=""507.20""	"
"=""73""	=""002183""	=""怡亚通""	=""71.59""	=""131.55""	=""131.55""	"
"=""74""	=""002185""	=""华天科技""	=""85.41""	=""259.50""	=""259.50""	"
"=""75""	=""002219""	=""新里程""	=""2178.55""	=""119.67""	=""119.67""	"
"=""76""	=""002230""	=""科大讯飞""	=""40.25""	=""690.69""	=""690.69""	"
"=""77""	=""002236""	=""大华股份""	=""248.29""	=""251.76""	=""251.76""	"
"=""78""	=""002240""	=""盛新锂能""	=""85.55""	=""326.73""	=""326.73""	"
"=""79""	=""002244""	=""滨江集团""	=""231.03""	=""280.84""	=""280.84""	"
"=""80""	=""002250""	=""联化科技""	=""93.30""	=""164.52""	=""164.52""	"
"=""81""	=""002268""	=""卫士通""	=""227.42""	=""230.27""	=""230.27""	"
"=""82""	=""002271""	=""东方雨虹""	=""104.65""	=""524.07""	=""524.07""	"
"=""83""	=""002287""	=""奇正藏药""	=""66.70""	=""112.80""	=""112.80""	"
"=""84""	=""002299""	=""圣农发展""	=""49.85""	=""238.07""	=""238.07""	"
"=""85""	=""002311""	=""海大集团""	=""242.84""	=""999.65""	=""999.65""	"
"=""86""	=""002312""	=""川发龙蟒""	=""88.32""	=""149.56""	=""149.56""	"
"=""87""	=""002353""	=""杰瑞股份""	=""255.63""	=""202.59""	=""202.59""	"
"=""88""	=""002372""	=""伟星新材""	=""109.50""	=""299.29""	=""299.29""	"
"=""89""	=""002373""	=""千方科技""	=""164.83""	=""114.14""	=""114.14""	"
"=""90""	=""002396""	=""星网锐捷""	=""55.79""	=""105.75""	=""105.75""	"
"=""91""	=""002402""	=""和而泰""	=""101.77""	=""117.70""	=""117.70""	"
"=""92""	=""002410""	=""广联达""	=""157.26""	=""450.66""	=""450.66""	"
"=""93""	=""002422""	=""科伦药业""	=""125.58""	=""246.84""	=""246.84""	"
"=""94""	=""002423""	=""中粮资本""	=""303.33""	=""145.62""	=""145.62""	"
"=""95""	=""002444""	=""巨星科技""	=""152.77""	=""208.34""	=""208.34""	"
"=""96""	=""002461""	=""珠江啤酒""	=""224.06""	=""167.55""	=""167.55""	"
"=""97""	=""002465""	=""海格通信""	=""424.37""	=""176.00""	=""176.00""	"
"=""98""	=""002484""	=""江海股份""	=""55.00""	=""190.21""	=""190.21""	"
"=""99""	=""002487""	=""大金重工""	=""82.22""	=""218.75""	=""218.75""	"
"=""100""	=""002498""	=""汉缆股份""	=""172.17""	=""129.08""	=""129.08""	"
"=""101""	=""002500""	=""山西证券""	=""292.71""	=""181.64""	=""181.64""	"
"=""102""	=""002507""	=""涪陵榨菜""	=""41.04""	=""238.55""	=""238.55""	"
"=""103""	=""002518""	=""科士达""	=""202.74""	=""258.82""	=""258.82""	"
"=""104""	=""002531""	=""天顺风能""	=""598.18""	=""223.75""	=""223.75""	"
"=""105""	=""002534""	=""西子洁能""	=""49.58""	=""114.96""	=""114.96""	"
"=""106""	=""002541""	=""鸿路钢构""	=""105.71""	=""163.07""	=""163.07""	"
"=""107""	=""002544""	=""普天科技""	=""149.84""	=""125.53""	=""125.53""	"
"=""108""	=""002568""	=""百润股份""	=""40.94""	=""193.24""	=""193.24""	"
"=""109""	=""002572""	=""索菲亚""	=""175.12""	=""107.25""	=""107.25""	"
"=""110""	=""002595""	=""豪迈科技""	=""42.08""	=""123.21""	=""123.21""	"
"=""111""	=""002617""	=""露笑科技""	=""47.97""	=""125.48""	=""125.48""	"
"=""112""	=""002625""	=""光启技术""	=""222.43""	=""221.01""	=""221.01""	"
"=""113""	=""002673""	=""西部证券""	=""4305.50""	=""239.57""	=""239.57""	"
"=""114""	=""002675""	=""东诚药业""	=""105.70""	=""100.85""	=""100.85""	"
"=""115""	=""002683""	=""广东宏大""	=""510.52""	=""172.44""	=""172.44""	"
"=""116""	=""002705""	=""新宝股份""	=""73.23""	=""145.83""	=""145.83""	"
"=""117""	=""002736""	=""国信证券""	=""219.31""	=""759.13""	=""759.13""	"
"=""118""	=""002791""	=""坚朗五金""	=""109.23""	=""142.92""	=""142.92""	"
"=""119""	=""002797""	=""第一创业""	=""199.22""	=""225.22""	=""225.22""	"
"=""120""	=""002821""	=""凯莱英""	=""148.44""	=""454.06""	=""454.06""	"
"=""121""	=""002851""	=""麦格米特""	=""107.90""	=""118.54""	=""118.54""	"
"=""122""	=""002865""	=""钧达股份""	=""497.93""	=""259.72""	=""259.72""	"
"=""123""	=""002895""	=""川恒股份""	=""159.52""	=""118.11""	=""118.11""	"
"=""124""	=""002911""	=""佛燃能源""	=""194.36""	=""110.06""	=""110.06""	"
"=""125""	=""002926""	=""华西证券""	=""370.39""	=""192.41""	=""192.41""	"
"=""126""	=""002938""	=""鹏鼎控股""	=""40.46""	=""580.21""	=""580.21""	"
"=""127""	=""002939""	=""长城证券""	=""831.33""	=""253.86""	=""253.86""	"
"=""128""	=""002948""	=""青岛银行""	=""58.58""	=""102.21""	=""102.21""	"
"=""129""	=""002960""	=""青鸟消防""	=""137.52""	=""106.29""	=""106.29""	"
"=""130""	=""003022""	=""联泓新科""	=""223.89""	=""122.62""	=""122.62""	"
"=""131""	=""300001""	=""特锐德""	=""124.66""	=""144.18""	=""144.18""	"
"=""132""	=""300012""	=""华测检测""	=""99.63""	=""309.92""	=""309.92""	"
"=""133""	=""300033""	=""同花顺""	=""233.46""	=""210.35""	=""210.35""	"
"=""134""	=""300054""	=""鼎龙股份""	=""84.41""	=""172.85""	=""172.85""	"
"=""135""	=""300115""	=""长盈精密""	=""61.35""	=""128.25""	=""128.25""	"
"=""136""	=""300142""	=""沃森生物""	=""552.06""	=""578.01""	=""578.01""	"
"=""137""	=""300144""	=""宋城演艺""	=""101.35""	=""274.52""	=""274.52""	"
"=""138""	=""300203""	=""聚光科技""	=""58.04""	=""139.02""	=""139.02""	"
"=""139""	=""300207""	=""欣旺达""	=""206.58""	=""365.69""	=""365.69""	"
"=""140""	=""300224""	=""正海磁材""	=""46.60""	=""100.51""	=""100.51""	"
"=""141""	=""300251""	=""光线传媒""	=""69.22""	=""197.89""	=""197.89""	"
"=""142""	=""300253""	=""卫宁健康""	=""43.99""	=""130.14""	=""130.14""	"
"=""143""	=""300294""	=""博雅生物""	=""68.13""	=""136.30""	=""136.30""	"
"=""144""	=""300298""	=""三诺生物""	=""121.77""	=""123.86""	=""123.86""	"
"=""145""	=""300316""	=""晶盛机电""	=""69.46""	=""815.39""	=""815.39""	"
"=""146""	=""300339""	=""润和软件""	=""68.00""	=""124.13""	=""124.13""	"
"=""147""	=""300363""	=""博腾股份""	=""127.55""	=""210.94""	=""210.94""	"
"=""148""	=""300376""	=""易事特""	=""49.86""	=""150.77""	=""150.77""	"
"=""149""	=""300393""	=""中来股份""	=""59.90""	=""147.87""	=""147.87""	"
"=""150""	=""300395""	=""菲利华""	=""76.48""	=""284.12""	=""284.12""	"
"=""151""	=""300416""	=""苏试试验""	=""159.04""	=""110.22""	=""110.22""	"
"=""152""	=""300433""	=""蓝思科技""	=""132.70""	=""457.86""	=""457.86""	"
"=""153""	=""300438""	=""鹏辉能源""	=""58.37""	=""269.39""	=""269.39""	"
"=""154""	=""300454""	=""深信服""	=""66.81""	=""270.41""	=""270.41""	"
"=""155""	=""300457""	=""赢合科技""	=""313.46""	=""131.70""	=""131.70""	"
"=""156""	=""300487""	=""蓝晓科技""	=""47.48""	=""142.51""	=""142.51""	"
"=""157""	=""300604""	=""长川科技""	=""86.53""	=""255.47""	=""255.47""	"
"=""158""	=""300613""	=""富瀚微""	=""41.97""	=""118.84""	=""118.84""	"
"=""159""	=""300633""	=""开立医疗""	=""142.30""	=""198.01""	=""198.01""	"
"=""160""	=""300666""	=""江丰电子""	=""309.67""	=""156.40""	=""156.40""	"
"=""161""	=""300672""	=""国科微""	=""290.88""	=""114.71""	=""114.71""	"
"=""162""	=""300682""	=""朗新科技""	=""399.16""	=""220.07""	=""220.07""	"
"=""163""	=""300699""	=""光威复材""	=""45.19""	=""422.62""	=""422.62""	"
"=""164""	=""300748""	=""金力永磁""	=""82.87""	=""232.53""	=""232.53""	"
"=""165""	=""300761""	=""立华股份""	=""112.64""	=""117.77""	=""117.77""	"
"=""166""	=""300763""	=""锦浪科技""	=""42.26""	=""660.49""	=""660.49""	"
"=""167""	=""300850""	=""新强联""	=""47.09""	=""175.23""	=""175.23""	"
"=""168""	=""300910""	=""瑞丰新材""	=""83.49""	=""100.92""	=""100.92""	"
"=""169""	=""300919""	=""中伟股份""	=""60.69""	=""155.81""	=""155.81""	"
"=""170""	=""300957""	=""贝泰妮""	=""70.99""	=""373.98""	=""373.98""	"
"=""171""	=""300999""	=""金龙鱼""	=""781.63""	=""234.37""	=""234.37""	"
"=""172""	=""301029""	=""怡合达""	=""55.16""	=""146.23""	=""146.23""	"
"=""173""	=""600008""	=""首创环保""	=""87.29""	=""190.86""	=""190.86""	"
"=""174""	=""600026""	=""中远海能""	=""105.96""	=""519.74""	=""519.74""	"
"=""175""	=""600027""	=""华电国际""	=""88.50""	=""485.08""	=""485.08""	"
"=""176""	=""600056""	=""中国医药""	=""43.21""	=""180.04""	=""180.04""	"
"=""177""	=""600057""	=""厦门象屿""	=""88.19""	=""178.14""	=""178.14""	"
"=""178""	=""600061""	=""国投资本""	=""882.18""	=""390.66""	=""390.66""	"
"=""179""	=""600066""	=""宇通客车""	=""142.15""	=""155.20""	=""155.20""	"
"=""180""	=""600098""	=""广州发展""	=""73.04""	=""166.11""	=""166.11""	"
"=""181""	=""600100""	=""同方股份""	=""119.23""	=""119.45""	=""119.45""	"
"=""182""	=""600109""	=""国金证券""	=""231.77""	=""231.06""	=""231.06""	"
"=""183""	=""600116""	=""三峡水利""	=""8435.22""	=""142.01""	=""142.01""	"
"=""184""	=""600118""	=""中国卫星""	=""239.04""	=""232.36""	=""232.36""	"
"=""185""	=""600120""	=""浙江东方""	=""205.65""	=""104.27""	=""104.27""	"
"=""186""	=""600129""	=""太极集团""	=""492.71""	=""134.43""	=""134.43""	"
"=""187""	=""600150""	=""中国船舶""	=""173.80""	=""553.41""	=""553.41""	"
"=""188""	=""600151""	=""航天机电""	=""261.44""	=""127.65""	=""127.65""	"
"=""189""	=""600153""	=""建发股份""	=""104.87""	=""392.68""	=""392.68""	"
"=""190""	=""600155""	=""华创阳安""	=""369.86""	=""118.99""	=""118.99""	"
"=""191""	=""600160""	=""巨化股份""	=""207.38""	=""374.99""	=""374.99""	"
"=""192""	=""600161""	=""天坛生物""	=""101.48""	=""332.69""	=""332.69""	"
"=""193""	=""600172""	=""黄河旋风""	=""43.84""	=""100.44""	=""100.44""	"
"=""194""	=""600196""	=""复星医药""	=""89.21""	=""594.44""	=""594.44""	"
"=""195""	=""600219""	=""南山铝业""	=""52.77""	=""359.71""	=""359.71""	"
"=""196""	=""600225""	=""卓朗科技""	=""111.31""	=""103.29""	=""103.29""	"
"=""197""	=""600236""	=""桂冠电力""	=""49.80""	=""461.91""	=""461.91""	"
"=""198""	=""600271""	=""航天信息""	=""123.04""	=""180.84""	=""180.84""	"
"=""199""	=""600277""	=""亿利洁能""	=""204.84""	=""153.82""	=""153.82""	"
"=""200""	=""600316""	=""洪都航空""	=""75.28""	=""161.14""	=""161.14""	"
"=""201""	=""600320""	=""振华重工""	=""71.39""	=""104.64""	=""104.64""	"
"=""202""	=""600323""	=""瀚蓝环境""	=""139.77""	=""154.10""	=""154.10""	"
"=""203""	=""600325""	=""华发股份""	=""109.56""	=""208.54""	=""208.54""	"
"=""204""	=""600338""	=""西藏珠峰""	=""387.98""	=""203.87""	=""203.87""	"
"=""205""	=""600339""	=""中油工程""	=""206.24""	=""158.56""	=""158.56""	"
"=""206""	=""600348""	=""华阳股份""	=""46.41""	=""439.39""	=""439.39""	"
"=""207""	=""600352""	=""浙江龙盛""	=""89.29""	=""293.13""	=""293.13""	"
"=""208""	=""600362""	=""江西铜业""	=""40.88""	=""316.27""	=""316.27""	"
"=""209""	=""600363""	=""联创光电""	=""90.12""	=""111.72""	=""111.72""	"
"=""210""	=""600369""	=""西南证券""	=""302.57""	=""207.18""	=""207.18""	"
"=""211""	=""600372""	=""中航电子""	=""58.48""	=""355.95""	=""355.95""	"
"=""212""	=""600383""	=""金地集团""	=""314.60""	=""518.73""	=""518.73""	"
"=""213""	=""600395""	=""盘江股份""	=""46.48""	=""140.35""	=""140.35""	"
"=""214""	=""600403""	=""大有能源""	=""118.63""	=""120.50""	=""120.50""	"
"=""215""	=""600409""	=""三友化工""	=""101.52""	=""126.54""	=""126.54""	"
"=""216""	=""600416""	=""湘电股份""	=""49.67""	=""125.03""	=""125.03""	"
"=""217""	=""600435""	=""北方导航""	=""136.27""	=""114.53""	=""114.53""	"
"=""218""	=""600481""	=""双良节能""	=""81.61""	=""253.04""	=""253.04""	"
"=""219""	=""600482""	=""中国动力""	=""136.11""	=""301.68""	=""301.68""	"
"=""220""	=""600487""	=""亨通光电""	=""65.41""	=""429.92""	=""429.92""	"
"=""221""	=""600489""	=""中金黄金""	=""43.38""	=""322.40""	=""322.40""	"
"=""222""	=""600498""	=""烽火通信""	=""392.69""	=""140.54""	=""140.54""	"
"=""223""	=""600499""	=""科达制造""	=""41.84""	=""274.07""	=""274.07""	"
"=""224""	=""600516""	=""方大炭素""	=""704.33""	=""237.11""	=""237.11""	"
"=""225""	=""600521""	=""华海药业""	=""212.00""	=""279.14""	=""279.14""	"
"=""226""	=""600535""	=""天士力""	=""122.14""	=""146.37""	=""146.37""	"
"=""227""	=""600549""	=""厦门钨业""	=""45.79""	=""318.19""	=""318.19""	"
"=""228""	=""600580""	=""卧龙电驱""	=""59.72""	=""151.42""	=""151.42""	"
"=""229""	=""600582""	=""天地科技""	=""59.17""	=""197.41""	=""197.41""	"
"=""230""	=""600583""	=""海油工程""	=""208.67""	=""196.75""	=""196.75""	"
"=""231""	=""600586""	=""金晶科技""	=""50.45""	=""124.87""	=""124.87""	"
"=""232""	=""600588""	=""用友网络""	=""125.40""	=""601.34""	=""601.34""	"
"=""233""	=""600600""	=""青岛啤酒""	=""52.36""	=""743.69""	=""743.69""	"
"=""234""	=""600621""	=""华鑫股份""	=""41.17""	=""112.67""	=""112.67""	"
"=""235""	=""600642""	=""申能股份""	=""128.93""	=""280.35""	=""280.35""	"
"=""236""	=""600657""	=""信达地产""	=""365.12""	=""137.18""	=""137.18""	"
"=""237""	=""600660""	=""福耀玻璃""	=""73.50""	=""717.27""	=""717.27""	"
"=""238""	=""600674""	=""川投能源""	=""82.31""	=""530.22""	=""530.22""	"
"=""239""	=""600685""	=""中船防务""	=""288.53""	=""177.10""	=""177.10""	"
"=""240""	=""600699""	=""均胜电子""	=""114.24""	=""180.86""	=""180.86""	"
"=""241""	=""600705""	=""中航产融""	=""512.53""	=""264.81""	=""264.81""	"
"=""242""	=""600717""	=""天津港""	=""186.67""	=""115.76""	=""115.76""	"
"=""243""	=""600718""	=""东软集团""	=""449.67""	=""115.74""	=""115.74""	"
"=""244""	=""600732""	=""爱旭股份""	=""62.07""	=""315.35""	=""315.35""	"
"=""245""	=""600737""	=""中粮糖业""	=""70.67""	=""150.36""	=""150.36""	"
"=""246""	=""600739""	=""辽宁成大""	=""53.84""	=""188.15""	=""188.15""	"
"=""247""	=""600754""	=""锦江酒店""	=""138.64""	=""526.95""	=""526.95""	"
"=""248""	=""600755""	=""厦门国贸""	=""54.00""	=""129.52""	=""129.52""	"
"=""249""	=""600764""	=""中国海防""	=""733.25""	=""105.07""	=""105.07""	"
"=""250""	=""600765""	=""中航重机""	=""69.74""	=""400.04""	=""400.04""	"
"=""251""	=""600777""	=""新潮能源""	=""106.46""	=""159.15""	=""159.15""	"
"=""252""	=""600801""	=""华新水泥""	=""40.09""	=""228.11""	=""228.11""	"
"=""253""	=""600837""	=""海通证券""	=""96.94""	=""768.43""	=""768.43""	"
"=""254""	=""600839""	=""四川长虹""	=""92.53""	=""119.53""	=""119.53""	"
"=""255""	=""600869""	=""远东股份""	=""182.58""	=""120.51""	=""120.51""	"
"=""256""	=""600871""	=""石化油服""	=""93.26""	=""249.68""	=""249.68""	"
"=""257""	=""600895""	=""张江高科""	=""209.94""	=""160.91""	=""160.91""	"
"=""258""	=""600909""	=""华安证券""	=""588.71""	=""213.74""	=""213.74""	"
"=""259""	=""600917""	=""重庆燃气""	=""41.01""	=""124.01""	=""124.01""	"
"=""260""	=""600918""	=""中泰证券""	=""177.37""	=""172.20""	=""172.20""	"
"=""261""	=""600933""	=""爱柯迪""	=""50.78""	=""160.04""	=""160.04""	"
"=""262""	=""600941""	=""中国移动""	=""74.15""	=""328.50""	=""328.50""	"
"=""263""	=""600958""	=""东方证券""	=""83.64""	=""574.40""	=""574.40""	"
"=""264""	=""600968""	=""海油发展""	=""134.74""	=""292.76""	=""292.76""	"
"=""265""	=""600996""	=""贵广网络""	=""123.48""	=""131.94""	=""131.94""	"
"=""266""	=""600998""	=""九州通""	=""90.44""	=""214.37""	=""214.37""	"
"=""267""	=""600999""	=""招商证券""	=""87.46""	=""915.88""	=""915.88""	"
"=""268""	=""601001""	=""晋控煤业""	=""50.78""	=""292.40""	=""292.40""	"
"=""269""	=""601016""	=""节能风电""	=""43.50""	=""197.15""	=""197.15""	"
"=""270""	=""601019""	=""山东出版""	=""206.83""	=""127.51""	=""127.51""	"
"=""271""	=""601066""	=""中信建投""	=""83.56""	=""883.09""	=""883.09""	"
"=""272""	=""601098""	=""中南传媒""	=""104.01""	=""176.73""	=""176.73""	"
"=""273""	=""601101""	=""昊华能源""	=""88.73""	=""108.86""	=""108.86""	"
"=""274""	=""601108""	=""财通证券""	=""202.29""	=""313.92""	=""313.92""	"
"=""275""	=""601117""	=""中国化学""	=""64.61""	=""461.10""	=""461.10""	"
"=""276""	=""601139""	=""深圳燃气""	=""54.71""	=""195.62""	=""195.62""	"
"=""277""	=""601155""	=""新城控股""	=""377.40""	=""395.14""	=""395.14""	"
"=""278""	=""601158""	=""重庆水务""	=""41.94""	=""244.32""	=""244.32""	"
"=""279""	=""601162""	=""天风证券""	=""294.26""	=""236.58""	=""236.58""	"
"=""280""	=""601179""	=""中国西电""	=""107.23""	=""217.34""	=""217.34""	"
"=""281""	=""601186""	=""中国铁建""	=""46.91""	=""801.78""	=""801.78""	"
"=""282""	=""601198""	=""东兴证券""	=""711.39""	=""239.20""	=""239.20""	"
"=""283""	=""601231""	=""环旭电子""	=""47.11""	=""328.04""	=""328.04""	"
"=""284""	=""601236""	=""红塔证券""	=""245.16""	=""345.27""	=""345.27""	"
"=""285""	=""601258""	=""庞大集团""	=""222.54""	=""116.59""	=""116.59""	"
"=""286""	=""601336""	=""新华保险""	=""185.80""	=""561.82""	=""561.82""	"
"=""287""	=""601377""	=""兴业证券""	=""209.66""	=""470.66""	=""470.66""	"
"=""288""	=""601519""	=""大智慧""	=""48.06""	=""107.21""	=""107.21""	"
"=""289""	=""601555""	=""东吴证券""	=""511.87""	=""308.46""	=""308.46""	"
"=""290""	=""601598""	=""中国外运""	=""45.21""	=""186.59""	=""186.59""	"
"=""291""	=""601600""	=""中国铝业""	=""62.08""	=""540.15""	=""540.15""	"
"=""292""	=""601607""	=""上海医药""	=""97.86""	=""317.76""	=""317.76""	"
"=""293""	=""601608""	=""中信重工""	=""43.26""	=""145.80""	=""145.80""	"
"=""294""	=""601688""	=""华泰证券""	=""41.57""	=""886.23""	=""886.23""	"
"=""295""	=""601699""	=""潞安环能""	=""44.44""	=""504.95""	=""504.95""	"
"=""296""	=""601728""	=""中国电信""	=""52.67""	=""750.31""	=""750.31""	"
"=""297""	=""601788""	=""光大证券""	=""113.68""	=""513.73""	=""513.73""	"
"=""298""	=""601808""	=""中海油服""	=""162.05""	=""424.83""	=""424.83""	"
"=""299""	=""601869""	=""长飞光纤""	=""45.93""	=""171.11""	=""171.11""	"
"=""300""	=""601877""	=""正泰电器""	=""91.84""	=""575.76""	=""575.76""	"
"=""301""	=""601881""	=""中国银河""	=""78.20""	=""580.16""	=""580.16""	"
"=""302""	=""601901""	=""方正证券""	=""123.11""	=""539.20""	=""539.20""	"
"=""303""	=""601908""	=""京运通""	=""2049.17""	=""174.82""	=""174.82""	"
"=""304""	=""601928""	=""凤凰传媒""	=""110.41""	=""215.81""	=""215.81""	"
"=""305""	=""601952""	=""苏垦农发""	=""59.22""	=""158.47""	=""158.47""	"
"=""306""	=""601966""	=""玲珑轮胎""	=""320.37""	=""247.78""	=""247.78""	"
"=""307""	=""601975""	=""招商南油""	=""213.94""	=""241.67""	=""241.67""	"
"=""308""	=""601990""	=""南京证券""	=""86.81""	=""276.20""	=""276.20""	"
"=""309""	=""601991""	=""大唐发电""	=""527.27""	=""411.55""	=""411.55""	"
"=""310""	=""601992""	=""金隅集团""	=""1276.87""	=""207.52""	=""207.52""	"
"=""311""	=""603000""	=""人民网""	=""725.14""	=""114.11""	=""114.11""	"
"=""312""	=""603008""	=""喜临门""	=""184.76""	=""125.06""	=""125.06""	"
"=""313""	=""603019""	=""中科曙光""	=""241.68""	=""344.11""	=""344.11""	"
"=""314""	=""603025""	=""大豪科技""	=""77.30""	=""147.50""	=""147.50""	"
"=""315""	=""603056""	=""德邦股份""	=""319.69""	=""157.92""	=""157.92""	"
"=""316""	=""603077""	=""和邦生物""	=""52.67""	=""284.37""	=""284.37""	"
"=""317""	=""603127""	=""昭衍新药""	=""96.59""	=""253.44""	=""253.44""	"
"=""318""	=""603129""	=""春风动力""	=""99.32""	=""201.85""	=""201.85""	"
"=""319""	=""603160""	=""汇顶科技""	=""241.75""	=""217.91""	=""217.91""	"
"=""320""	=""603185""	=""上机数控""	=""40.66""	=""517.70""	=""517.70""	"
"=""321""	=""603228""	=""景旺电子""	=""65.90""	=""162.65""	=""162.65""	"
"=""322""	=""603298""	=""杭叉集团""	=""48.66""	=""107.52""	=""107.52""	"
"=""323""	=""603338""	=""浙江鼎力""	=""93.34""	=""183.75""	=""183.75""	"
"=""324""	=""603398""	=""沐邦高科""	=""295.62""	=""121.70""	=""121.70""	"
"=""325""	=""603477""	=""巨星农牧""	=""115.10""	=""116.00""	=""116.00""	"
"=""326""	=""603501""	=""韦尔股份""	=""53.92""	=""943.60""	=""943.60""	"
"=""327""	=""603515""	=""欧普照明""	=""251.31""	=""114.04""	=""114.04""	"
"=""328""	=""603588""	=""高能环境""	=""65.90""	=""132.34""	=""132.34""	"
"=""329""	=""603612""	=""索通发展""	=""245.22""	=""121.02""	=""121.02""	"
"=""330""	=""603613""	=""国联股份""	=""73.95""	=""538.35""	=""538.35""	"
"=""331""	=""603650""	=""彤程新材""	=""53.55""	=""166.75""	=""166.75""	"
"=""332""	=""603678""	=""火炬电子""	=""58.40""	=""177.26""	=""177.26""	"
"=""333""	=""603688""	=""石英股份""	=""132.22""	=""418.18""	=""418.18""	"
"=""334""	=""603690""	=""至纯科技""	=""100.49""	=""126.22""	=""126.22""	"
"=""335""	=""603712""	=""七一二""	=""755.98""	=""274.06""	=""274.06""	"
"=""336""	=""603733""	=""仙鹤股份""	=""42.93""	=""162.51""	=""162.51""	"
"=""337""	=""603737""	=""三棵树""	=""430.61""	=""329.72""	=""329.72""	"
"=""338""	=""603806""	=""福斯特""	=""111.29""	=""708.38""	=""708.38""	"
"=""339""	=""603833""	=""欧派家居""	=""203.79""	=""692.06""	=""692.06""	"
"=""340""	=""603876""	=""鼎胜新材""	=""77.77""	=""272.93""	=""272.93""	"
"=""341""	=""603893""	=""瑞芯微""	=""123.59""	=""128.17""	=""128.17""	"
"=""342""	=""603915""	=""国茂股份""	=""78.20""	=""102.94""	=""102.94""	"
"=""343""	=""603927""	=""中科软""	=""2056.45""	=""131.90""	=""131.90""	"
"=""344""	=""603938""	=""三孚股份""	=""71.17""	=""100.03""	=""100.03""	"
"=""345""	=""603993""	=""洛阳钼业""	=""55.72""	=""829.10""	=""829.10""	"
"=""346""	=""605117""	=""德业股份""	=""140.62""	=""341.37""	=""341.37""	"
"=""347""	=""605589""	=""圣泉集团""	=""64.49""	=""101.82""	=""101.82""	"
"=""348""	=""688001""	=""华兴源创""	=""219.65""	=""112.16""	=""112.16""	"
"=""349""	=""688002""	=""睿创微纳""	=""562.74""	=""169.58""	=""169.58""	"
"=""350""	=""688005""	=""容百科技""	=""52.48""	=""235.97""	=""235.97""	"
"=""351""	=""688006""	=""杭可科技""	=""57.58""	=""202.53""	=""202.53""	"
"=""352""	=""688012""	=""中微公司""	=""198.68""	=""664.74""	=""664.74""	"
"=""353""	=""688017""	=""绿的谐波""	=""51.42""	=""131.60""	=""131.60""	"
"=""354""	=""688019""	=""安集科技""	=""120.35""	=""194.21""	=""194.21""	"
"=""355""	=""688029""	=""南微医学""	=""85.54""	=""142.31""	=""142.31""	"
"=""356""	=""688041""	=""海光信息""	=""141.84""	=""117.41""	=""117.41""	"
"=""357""	=""688063""	=""派能科技""	=""60.20""	=""330.04""	=""330.04""	"
"=""358""	=""688066""	=""航天宏图""	=""217.19""	=""133.98""	=""133.98""	"
"=""359""	=""688122""	=""西部超导""	=""62.38""	=""496.02""	=""496.02""	"
"=""360""	=""688126""	=""沪硅产业""	=""512.84""	=""283.15""	=""283.15""	"
"=""361""	=""688139""	=""海尔生物""	=""65.31""	=""114.83""	=""114.83""	"
"=""362""	=""688187""	=""时代电气""	=""56.32""	=""113.74""	=""113.74""	"
"=""363""	=""688276""	=""百克生物""	=""224.87""	=""134.55""	=""134.55""	"
"=""364""	=""688301""	=""奕瑞科技""	=""73.25""	=""214.01""	=""214.01""	"
"=""365""	=""688333""	=""铂力特""	=""79.78""	=""155.86""	=""155.86""	"
"=""366""	=""688348""	=""昱能科技""	=""219.24""	=""116.69""	=""116.69""	"
"=""367""	=""688390""	=""固德威""	=""478.85""	=""228.51""	=""228.51""	"
"=""368""	=""688516""	=""奥特维""	=""86.68""	=""178.78""	=""178.78""	"
"=""369""	=""688518""	=""联赢激光""	=""268.96""	=""101.07""	=""101.07""	"
"=""370""	=""688536""	=""思瑞浦""	=""57.02""	=""151.56""	=""151.56""	"
"=""371""	=""688556""	=""高测股份""	=""44.72""	=""138.54""	=""138.54""	"
"=""372""	=""688567""	=""孚能科技""	=""134.69""	=""212.40""	=""212.40""	"
"=""373""	=""688690""	=""纳微科技""	=""71.62""	=""114.81""	=""114.81""	"
"=""374""	=""688777""	=""中控技术""	=""324.99""	=""250.76""	=""250.76""	"
"=""375""	=""688779""	=""长远锂科""	=""49.32""	=""151.03""	=""151.03""	"
"=""376""	=""689009""	=""九号公司""	=""472.90""	=""194.95""	=""194.95""	"
